Title,Company,Location,Salary,Job Type,Experience Level,Recruiter Status,Deadline,URL
Sales Canvassing EDC Karimun,Buku Warung,"Karimun, Indonesia",Gaji Tidak Diumumkan,Kontrak,Lulusan Baru / Junior,Rekruter terakhir aktif a day ago,Apply before 3 Jul,https://www.kalibrr.com/id-ID/c/buku-warung/jobs/267090/sales-canvassing-edc-karimun
Sales Canvassing EDC Pagar Alam,Buku Warung,"Pagar Alam, Indonesia",Gaji Tidak Diumumkan,Kontrak,Lulusan Baru / Junior,Rekruter terakhir aktif a day ago,Apply before 3 Jul,https://www.kalibrr.com/id-ID/c/buku-warung/jobs/267107/sales-canvassing-edc-pagar-alam
Sales Canvassing EDC Bima,Buku Warung,"Bima, Indonesia",Gaji Tidak Diumumkan,Kontrak,Lulusan Baru / Junior,Rekruter terakhir aktif a day ago,Apply before 3 Jul,https://www.kalibrr.com/id-ID/c/buku-warung/jobs/267043/sales-canvassing-edc-bima
Sales EDC Klungkung,Buku Warung,"Klungkung, Indonesia",Gaji Tidak Diumumkan,Kontrak,Lulusan Baru / Junior,Rekruter terakhir aktif a day ago,Apply before 29 Jun,https://www.kalibrr.com/id-ID/c/buku-warung/jobs/266777/sales-edc-klungkung
Sales Canvassing EDC Bangli,Buku Warung,"Bangli, Indonesia",Gaji Tidak Diumumkan,Kontrak,Lulusan Baru / Junior,Rekruter terakhir aktif a day ago,Apply before 3 Jul,https://www.kalibrr.com/id-ID/c/buku-warung/jobs/267038/sales-canvassing-edc-bangli-2
Sales Canvassing EDC Tana Tidung,Buku Warung,"Tana Tidung, Indonesia",Gaji Tidak Diumumkan,Kontrak,Lulusan Baru / Junior,Rekruter terakhir aktif a day ago,Apply before 3 Jul,https://www.kalibrr.com/id-ID/c/buku-warung/jobs/267053/sales-canvassing-edc-tana-tidung
Sales Canvassing EDC Sanggau,Buku Warung,"Sanggau, Indonesia",Gaji Tidak Diumumkan,Kontrak,Lulusan Baru / Junior,Rekruter terakhir aktif a day ago,Apply before 3 Jul,https://www.kalibrr.com/id-ID/c/buku-warung/jobs/267057/sales-canvassing-edc-sanggau
Sales Canvassing EDC Bengkulu Utara,Buku Warung,"North Bengkulu, Indonesia",Gaji Tidak Diumumkan,Kontrak,Lulusan Baru / Junior,Rekruter terakhir aktif a day ago,Apply before 3 Jul,https://www.kalibrr.com/id-ID/c/buku-warung/jobs/267091/sales-canvassing-edc-bengkulu-utara
Sales Taking Order Lembata NTT,Buku Warung,"Lembata, Indonesia",Gaji Tidak Diumumkan,Kontrak,Lulusan Baru / Junior,Rekruter terakhir aktif a day ago,Apply before 29 Jun,https://www.kalibrr.com/id-ID/c/buku-warung/jobs/266797/sales-taking-order-lembata-ntt
Sales Canvassing EDC Bengkalis,Buku Warung,"Bengkalis, Indonesia",Gaji Tidak Diumumkan,Kontrak,Lulusan Baru / Junior,Rekruter terakhir aktif a day ago,Apply before 3 Jul,https://www.kalibrr.com/id-ID/c/buku-warung/jobs/267084/sales-canvassing-edc-bengkalis
Sales Canvassing EDC Magelang,Buku Warung,"Magelang, Indonesia",Gaji Tidak Diumumkan,Kontrak,Lulusan Baru / Junior,Rekruter terakhir aktif a day ago,Apply before 3 Jul,https://www.kalibrr.com/id-ID/c/buku-warung/jobs/267026/sales-canvassing-edc-magelang
Sales TO EDC Kuantan Singingi Riau,Buku Warung,"Kuantan Singingi, Indonesia",Gaji Tidak Diumumkan,Kontrak,Lulusan Baru / Junior,Rekruter terakhir aktif a day ago,Apply before 3 Jul,https://www.kalibrr.com/id-ID/c/buku-warung/jobs/267176/sales-to-edc-kuantan-singingi-riau
Sales Canvassing EDC Simeulue,Buku Warung,"Simeulue, Indonesia",Gaji Tidak Diumumkan,Kontrak,Lulusan Baru / Junior,Rekruter terakhir aktif a day ago,Apply before 3 Jul,https://www.kalibrr.com/id-ID/c/buku-warung/jobs/267083/sales-canvassing-edc-simeulue
Sales Canvassing EDC Natuna,Buku Warung,"Natuna, Indonesia",Gaji Tidak Diumumkan,Kontrak,Lulusan Baru / Junior,Rekruter terakhir aktif a day ago,Apply before 3 Jul,https://www.kalibrr.com/id-ID/c/buku-warung/jobs/267087/sales-canvassing-edc-natuna
Sales Canvassing EDC Bintan,Buku Warung,"Bintan, Indonesia",Gaji Tidak Diumumkan,Kontrak,Lulusan Baru / Junior,Rekruter terakhir aktif a day ago,Apply before 3 Jul,https://www.kalibrr.com/id-ID/c/buku-warung/jobs/267089/sales-canvassing-edc-bintan
Sales Canvassing EDC Karimun,Buku Warung,"Karimun, Indonesia",Gaji Tidak Diumumkan,Kontrak,Lulusan Baru / Junior,Rekruter terakhir aktif a day ago,Apply before 3 Jul,https://www.kalibrr.com/id-ID/c/buku-warung/jobs/267090/sales-canvassing-edc-karimun
Sales Canvassing EDC Pagar Alam,Buku Warung,"Pagar Alam, Indonesia",Gaji Tidak Diumumkan,Kontrak,Lulusan Baru / Junior,Rekruter terakhir aktif a day ago,Apply before 3 Jul,https://www.kalibrr.com/id-ID/c/buku-warung/jobs/267107/sales-canvassing-edc-pagar-alam
Sales Canvassing EDC Bima,Buku Warung,"Bima, Indonesia",Gaji Tidak Diumumkan,Kontrak,Lulusan Baru / Junior,Rekruter terakhir aktif a day ago,Apply before 3 Jul,https://www.kalibrr.com/id-ID/c/buku-warung/jobs/267043/sales-canvassing-edc-bima
Sales EDC Klungkung,Buku Warung,"Klungkung, Indonesia",Gaji Tidak Diumumkan,Kontrak,Lulusan Baru / Junior,Rekruter terakhir aktif a day ago,Apply before 29 Jun,https://www.kalibrr.com/id-ID/c/buku-warung/jobs/266777/sales-edc-klungkung
Sales Canvassing EDC Bangli,Buku Warung,"Bangli, Indonesia",Gaji Tidak Diumumkan,Kontrak,Lulusan Baru / Junior,Rekruter terakhir aktif a day ago,Apply before 3 Jul,https://www.kalibrr.com/id-ID/c/buku-warung/jobs/267038/sales-canvassing-edc-bangli-2
Sales Canvassing EDC Tana Tidung,Buku Warung,"Tana Tidung, Indonesia",Gaji Tidak Diumumkan,Kontrak,Lulusan Baru / Junior,Rekruter terakhir aktif a day ago,Apply before 3 Jul,https://www.kalibrr.com/id-ID/c/buku-warung/jobs/267053/sales-canvassing-edc-tana-tidung
Sales Canvassing EDC Sanggau,Buku Warung,"Sanggau, Indonesia",Gaji Tidak Diumumkan,Kontrak,Lulusan Baru / Junior,Rekruter terakhir aktif a day ago,Apply before 3 Jul,https://www.kalibrr.com/id-ID/c/buku-warung/jobs/267057/sales-canvassing-edc-sanggau
Sales Canvassing EDC Bengkulu Utara,Buku Warung,"North Bengkulu, Indonesia",Gaji Tidak Diumumkan,Kontrak,Lulusan Baru / Junior,Rekruter terakhir aktif a day ago,Apply before 3 Jul,https://www.kalibrr.com/id-ID/c/buku-warung/jobs/267091/sales-canvassing-edc-bengkulu-utara
Sales Taking Order Lembata NTT,Buku Warung,"Lembata, Indonesia",Gaji Tidak Diumumkan,Kontrak,Lulusan Baru / Junior,Rekruter terakhir aktif a day ago,Apply before 29 Jun,https://www.kalibrr.com/id-ID/c/buku-warung/jobs/266797/sales-taking-order-lembata-ntt
Sales Canvassing EDC Bengkalis,Buku Warung,"Bengkalis, Indonesia",Gaji Tidak Diumumkan,Kontrak,Lulusan Baru / Junior,Rekruter terakhir aktif a day ago,Apply before 3 Jul,https://www.kalibrr.com/id-ID/c/buku-warung/jobs/267084/sales-canvassing-edc-bengkalis
Sales Canvassing EDC Magelang,Buku Warung,"Magelang, Indonesia",Gaji Tidak Diumumkan,Kontrak,Lulusan Baru / Junior,Rekruter terakhir aktif a day ago,Apply before 3 Jul,https://www.kalibrr.com/id-ID/c/buku-warung/jobs/267026/sales-canvassing-edc-magelang
Sales TO EDC Kuantan Singingi Riau,Buku Warung,"Kuantan Singingi, Indonesia",Gaji Tidak Diumumkan,Kontrak,Lulusan Baru / Junior,Rekruter terakhir aktif a day ago,Apply before 3 Jul,https://www.kalibrr.com/id-ID/c/buku-warung/jobs/267176/sales-to-edc-kuantan-singingi-riau
Sales Canvassing EDC Simeulue,Buku Warung,"Simeulue, Indonesia",Gaji Tidak Diumumkan,Kontrak,Lulusan Baru / Junior,Rekruter terakhir aktif a day ago,Apply before 3 Jul,https://www.kalibrr.com/id-ID/c/buku-warung/jobs/267083/sales-canvassing-edc-simeulue
Sales Canvassing EDC Natuna,Buku Warung,"Natuna, Indonesia",Gaji Tidak Diumumkan,Kontrak,Lulusan Baru / Junior,Rekruter terakhir aktif a day ago,Apply before 3 Jul,https://www.kalibrr.com/id-ID/c/buku-warung/jobs/267087/sales-canvassing-edc-natuna
Sales Canvassing EDC Bintan,Buku Warung,"Bintan, Indonesia",Gaji Tidak Diumumkan,Kontrak,Lulusan Baru / Junior,Rekruter terakhir aktif a day ago,Apply before 3 Jul,https://www.kalibrr.com/id-ID/c/buku-warung/jobs/267089/sales-canvassing-edc-bintan
Sales Canvassing EDC Karimun,Buku Warung,"Karimun, Indonesia",Gaji Tidak Diumumkan,Kontrak,Lulusan Baru / Junior,Rekruter terakhir aktif a day ago,Apply before 3 Jul,https://www.kalibrr.com/id-ID/c/buku-warung/jobs/267090/sales-canvassing-edc-karimun
Sales Canvassing EDC Pagar Alam,Buku Warung,"Pagar Alam, Indonesia",Gaji Tidak Diumumkan,Kontrak,Lulusan Baru / Junior,Rekruter terakhir aktif a day ago,Apply before 3 Jul,https://www.kalibrr.com/id-ID/c/buku-warung/jobs/267107/sales-canvassing-edc-pagar-alam
Sales Canvassing EDC Bima,Buku Warung,"Bima, Indonesia",Gaji Tidak Diumumkan,Kontrak,Lulusan Baru / Junior,Rekruter terakhir aktif a day ago,Apply before 3 Jul,https://www.kalibrr.com/id-ID/c/buku-warung/jobs/267043/sales-canvassing-edc-bima
Sales EDC Klungkung,Buku Warung,"Klungkung, Indonesia",Gaji Tidak Diumumkan,Kontrak,Lulusan Baru / Junior,Rekruter terakhir aktif a day ago,Apply before 29 Jun,https://www.kalibrr.com/id-ID/c/buku-warung/jobs/266777/sales-edc-klungkung
Sales Canvassing EDC Bangli,Buku Warung,"Bangli, Indonesia",Gaji Tidak Diumumkan,Kontrak,Lulusan Baru / Junior,Rekruter terakhir aktif a day ago,Apply before 3 Jul,https://www.kalibrr.com/id-ID/c/buku-warung/jobs/267038/sales-canvassing-edc-bangli-2
Sales Canvassing EDC Tana Tidung,Buku Warung,"Tana Tidung, Indonesia",Gaji Tidak Diumumkan,Kontrak,Lulusan Baru / Junior,Rekruter terakhir aktif a day ago,Apply before 3 Jul,https://www.kalibrr.com/id-ID/c/buku-warung/jobs/267053/sales-canvassing-edc-tana-tidung
Sales Canvassing EDC Sanggau,Buku Warung,"Sanggau, Indonesia",Gaji Tidak Diumumkan,Kontrak,Lulusan Baru / Junior,Rekruter terakhir aktif a day ago,Apply before 3 Jul,https://www.kalibrr.com/id-ID/c/buku-warung/jobs/267057/sales-canvassing-edc-sanggau
Sales Canvassing EDC Bengkulu Utara,Buku Warung,"North Bengkulu, Indonesia",Gaji Tidak Diumumkan,Kontrak,Lulusan Baru / Junior,Rekruter terakhir aktif a day ago,Apply before 3 Jul,https://www.kalibrr.com/id-ID/c/buku-warung/jobs/267091/sales-canvassing-edc-bengkulu-utara
Sales Taking Order Lembata NTT,Buku Warung,"Lembata, Indonesia",Gaji Tidak Diumumkan,Kontrak,Lulusan Baru / Junior,Rekruter terakhir aktif a day ago,Apply before 29 Jun,https://www.kalibrr.com/id-ID/c/buku-warung/jobs/266797/sales-taking-order-lembata-ntt
Sales Canvassing EDC Bengkalis,Buku Warung,"Bengkalis, Indonesia",Gaji Tidak Diumumkan,Kontrak,Lulusan Baru / Junior,Rekruter terakhir aktif a day ago,Apply before 3 Jul,https://www.kalibrr.com/id-ID/c/buku-warung/jobs/267084/sales-canvassing-edc-bengkalis
Sales Canvassing EDC Magelang,Buku Warung,"Magelang, Indonesia",Gaji Tidak Diumumkan,Kontrak,Lulusan Baru / Junior,Rekruter terakhir aktif a day ago,Apply before 3 Jul,https://www.kalibrr.com/id-ID/c/buku-warung/jobs/267026/sales-canvassing-edc-magelang
Sales Canvassing EDC Simeulue,Buku Warung,"Simeulue, Indonesia",Gaji Tidak Diumumkan,Kontrak,Lulusan Baru / Junior,Rekruter terakhir aktif a day ago,Apply before 3 Jul,https://www.kalibrr.com/id-ID/c/buku-warung/jobs/267083/sales-canvassing-edc-simeulue
Sales Canvassing EDC Natuna,Buku Warung,"Natuna, Indonesia",Gaji Tidak Diumumkan,Kontrak,Lulusan Baru / Junior,Rekruter terakhir aktif a day ago,Apply before 3 Jul,https://www.kalibrr.com/id-ID/c/buku-warung/jobs/267087/sales-canvassing-edc-natuna
Sales Canvassing EDC Bintan,Buku Warung,"Bintan, Indonesia",Gaji Tidak Diumumkan,Kontrak,Lulusan Baru / Junior,Rekruter terakhir aktif a day ago,Apply before 3 Jul,https://www.kalibrr.com/id-ID/c/buku-warung/jobs/267089/sales-canvassing-edc-bintan
Sales TO EDC Kuantan Singingi Riau,Buku Warung,"Kuantan Singingi, Indonesia",Gaji Tidak Diumumkan,Kontrak,Lulusan Baru / Junior,Rekruter terakhir aktif a day ago,Apply before 3 Jul,https://www.kalibrr.com/id-ID/c/buku-warung/jobs/267176/sales-to-edc-kuantan-singingi-riau
Sales Canvassing EDC Karimun,Buku Warung,"Karimun, Indonesia",Gaji Tidak Diumumkan,Kontrak,Lulusan Baru / Junior,Rekruter terakhir aktif a day ago,Apply before 3 Jul,https://www.kalibrr.com/id-ID/c/buku-warung/jobs/267090/sales-canvassing-edc-karimun
Sales Canvassing EDC Pagar Alam,Buku Warung,"Pagar Alam, Indonesia",Gaji Tidak Diumumkan,Kontrak,Lulusan Baru / Junior,Rekruter terakhir aktif a day ago,Apply before 3 Jul,https://www.kalibrr.com/id-ID/c/buku-warung/jobs/267107/sales-canvassing-edc-pagar-alam
Sales Canvassing EDC Bima,Buku Warung,"Bima, Indonesia",Gaji Tidak Diumumkan,Kontrak,Lulusan Baru / Junior,Rekruter terakhir aktif a day ago,Apply before 3 Jul,https://www.kalibrr.com/id-ID/c/buku-warung/jobs/267043/sales-canvassing-edc-bima
Sales EDC Klungkung,Buku Warung,"Klungkung, Indonesia",Gaji Tidak Diumumkan,Kontrak,Lulusan Baru / Junior,Rekruter terakhir aktif a day ago,Apply before 29 Jun,https://www.kalibrr.com/id-ID/c/buku-warung/jobs/266777/sales-edc-klungkung
Sales Canvassing EDC Bengkalis,Buku Warung,"Bengkalis, Indonesia",Gaji Tidak Diumumkan,Kontrak,Lulusan Baru / Junior,Rekruter terakhir aktif a day ago,Apply before 3 Jul,https://www.kalibrr.com/id-ID/c/buku-warung/jobs/267084/sales-canvassing-edc-bengkalis
Sales Taking Order Lembata NTT,Buku Warung,"Lembata, Indonesia",Gaji Tidak Diumumkan,Kontrak,Lulusan Baru / Junior,Rekruter terakhir aktif a day ago,Apply before 29 Jun,https://www.kalibrr.com/id-ID/c/buku-warung/jobs/266797/sales-taking-order-lembata-ntt
Sales Canvassing EDC Bangli,Buku Warung,"Bangli, Indonesia",Gaji Tidak Diumumkan,Kontrak,Lulusan Baru / Junior,Rekruter terakhir aktif a day ago,Apply before 3 Jul,https://www.kalibrr.com/id-ID/c/buku-warung/jobs/267038/sales-canvassing-edc-bangli-2
Sales Canvassing EDC Tana Tidung,Buku Warung,"Tana Tidung, Indonesia",Gaji Tidak Diumumkan,Kontrak,Lulusan Baru / Junior,Rekruter terakhir aktif a day ago,Apply before 3 Jul,https://www.kalibrr.com/id-ID/c/buku-warung/jobs/267053/sales-canvassing-edc-tana-tidung
Sales Canvassing EDC Sanggau,Buku Warung,"Sanggau, Indonesia",Gaji Tidak Diumumkan,Kontrak,Lulusan Baru / Junior,Rekruter terakhir aktif a day ago,Apply before 3 Jul,https://www.kalibrr.com/id-ID/c/buku-warung/jobs/267057/sales-canvassing-edc-sanggau
Sales Canvassing EDC Bengkulu Utara,Buku Warung,"North Bengkulu, Indonesia",Gaji Tidak Diumumkan,Kontrak,Lulusan Baru / Junior,Rekruter terakhir aktif a day ago,Apply before 3 Jul,https://www.kalibrr.com/id-ID/c/buku-warung/jobs/267091/sales-canvassing-edc-bengkulu-utara
Sales Canvassing EDC Magelang,Buku Warung,"Magelang, Indonesia",Gaji Tidak Diumumkan,Kontrak,Lulusan Baru / Junior,Rekruter terakhir aktif a day ago,Apply before 3 Jul,https://www.kalibrr.com/id-ID/c/buku-warung/jobs/267026/sales-canvassing-edc-magelang
Sales Canvassing EDC Simeulue,Buku Warung,"Simeulue, Indonesia",Gaji Tidak Diumumkan,Kontrak,Lulusan Baru / Junior,Rekruter terakhir aktif a day ago,Apply before 3 Jul,https://www.kalibrr.com/id-ID/c/buku-warung/jobs/267083/sales-canvassing-edc-simeulue
Sales Canvassing EDC Natuna,Buku Warung,"Natuna, Indonesia",Gaji Tidak Diumumkan,Kontrak,Lulusan Baru / Junior,Rekruter terakhir aktif a day ago,Apply before 3 Jul,https://www.kalibrr.com/id-ID/c/buku-warung/jobs/267087/sales-canvassing-edc-natuna
Sales Canvassing EDC Bintan,Buku Warung,"Bintan, Indonesia",Gaji Tidak Diumumkan,Kontrak,Lulusan Baru / Junior,Rekruter terakhir aktif a day ago,Apply before 3 Jul,https://www.kalibrr.com/id-ID/c/buku-warung/jobs/267089/sales-canvassing-edc-bintan
Sales TO EDC Kuantan Singingi Riau,Buku Warung,"Kuantan Singingi, Indonesia",Gaji Tidak Diumumkan,Kontrak,Lulusan Baru / Junior,Rekruter terakhir aktif a day ago,Apply before 3 Jul,https://www.kalibrr.com/id-ID/c/buku-warung/jobs/267176/sales-to-edc-kuantan-singingi-riau
Sales Canvassing EDC Karimun,Buku Warung,"Karimun, Indonesia",Gaji Tidak Diumumkan,Kontrak,Lulusan Baru / Junior,Rekruter terakhir aktif a day ago,Apply before 3 Jul,https://www.kalibrr.com/id-ID/c/buku-warung/jobs/267090/sales-canvassing-edc-karimun
Sales Canvassing EDC Pagar Alam,Buku Warung,"Pagar Alam, Indonesia",Gaji Tidak Diumumkan,Kontrak,Lulusan Baru / Junior,Rekruter terakhir aktif a day ago,Apply before 3 Jul,https://www.kalibrr.com/id-ID/c/buku-warung/jobs/267107/sales-canvassing-edc-pagar-alam
Sales Canvassing EDC Bima,Buku Warung,"Bima, Indonesia",Gaji Tidak Diumumkan,Kontrak,Lulusan Baru / Junior,Rekruter terakhir aktif a day ago,Apply before 3 Jul,https://www.kalibrr.com/id-ID/c/buku-warung/jobs/267043/sales-canvassing-edc-bima
Sales EDC Klungkung,Buku Warung,"Klungkung, Indonesia",Gaji Tidak Diumumkan,Kontrak,Lulusan Baru / Junior,Rekruter terakhir aktif a day ago,Apply before 29 Jun,https://www.kalibrr.com/id-ID/c/buku-warung/jobs/266777/sales-edc-klungkung
Sales Canvassing EDC Bengkalis,Buku Warung,"Bengkalis, Indonesia",Gaji Tidak Diumumkan,Kontrak,Lulusan Baru / Junior,Rekruter terakhir aktif a day ago,Apply before 3 Jul,https://www.kalibrr.com/id-ID/c/buku-warung/jobs/267084/sales-canvassing-edc-bengkalis
Sales Taking Order Lembata NTT,Buku Warung,"Lembata, Indonesia",Gaji Tidak Diumumkan,Kontrak,Lulusan Baru / Junior,Rekruter terakhir aktif a day ago,Apply before 29 Jun,https://www.kalibrr.com/id-ID/c/buku-warung/jobs/266797/sales-taking-order-lembata-ntt
Sales Canvassing EDC Bangli,Buku Warung,"Bangli, Indonesia",Gaji Tidak Diumumkan,Kontrak,Lulusan Baru / Junior,Rekruter terakhir aktif a day ago,Apply before 3 Jul,https://www.kalibrr.com/id-ID/c/buku-warung/jobs/267038/sales-canvassing-edc-bangli-2
Sales Canvassing EDC Tana Tidung,Buku Warung,"Tana Tidung, Indonesia",Gaji Tidak Diumumkan,Kontrak,Lulusan Baru / Junior,Rekruter terakhir aktif a day ago,Apply before 3 Jul,https://www.kalibrr.com/id-ID/c/buku-warung/jobs/267053/sales-canvassing-edc-tana-tidung
Sales Canvassing EDC Sanggau,Buku Warung,"Sanggau, Indonesia",Gaji Tidak Diumumkan,Kontrak,Lulusan Baru / Junior,Rekruter terakhir aktif a day ago,Apply before 3 Jul,https://www.kalibrr.com/id-ID/c/buku-warung/jobs/267057/sales-canvassing-edc-sanggau
Sales Canvassing EDC Bengkulu Utara,Buku Warung,"North Bengkulu, Indonesia",Gaji Tidak Diumumkan,Kontrak,Lulusan Baru / Junior,Rekruter terakhir aktif a day ago,Apply before 3 Jul,https://www.kalibrr.com/id-ID/c/buku-warung/jobs/267091/sales-canvassing-edc-bengkulu-utara
Sales Canvassing EDC Magelang,Buku Warung,"Magelang, Indonesia",Gaji Tidak Diumumkan,Kontrak,Lulusan Baru / Junior,Rekruter terakhir aktif a day ago,Apply before 3 Jul,https://www.kalibrr.com/id-ID/c/buku-warung/jobs/267026/sales-canvassing-edc-magelang
Sales Canvassing EDC Simeulue,Buku Warung,"Simeulue, Indonesia",Gaji Tidak Diumumkan,Kontrak,Lulusan Baru / Junior,Rekruter terakhir aktif a day ago,Apply before 3 Jul,https://www.kalibrr.com/id-ID/c/buku-warung/jobs/267083/sales-canvassing-edc-simeulue
Sales Canvassing EDC Natuna,Buku Warung,"Natuna, Indonesia",Gaji Tidak Diumumkan,Kontrak,Lulusan Baru / Junior,Rekruter terakhir aktif a day ago,Apply before 3 Jul,https://www.kalibrr.com/id-ID/c/buku-warung/jobs/267087/sales-canvassing-edc-natuna
Sales Canvassing EDC Bintan,Buku Warung,"Bintan, Indonesia",Gaji Tidak Diumumkan,Kontrak,Lulusan Baru / Junior,Rekruter terakhir aktif a day ago,Apply before 3 Jul,https://www.kalibrr.com/id-ID/c/buku-warung/jobs/267089/sales-canvassing-edc-bintan
Sales TO EDC Kuantan Singingi Riau,Buku Warung,"Kuantan Singingi, Indonesia",Gaji Tidak Diumumkan,Kontrak,Lulusan Baru / Junior,Rekruter terakhir aktif a day ago,Apply before 3 Jul,https://www.kalibrr.com/id-ID/c/buku-warung/jobs/267176/sales-to-edc-kuantan-singingi-riau
